_id,id,year,state_name,state_code,district_name,district_code,registration_circles,murder,non murder,culp homicide,accident other than hitand run,deaths other negnc,dowry deaths,abetment of suicide,attempt murder,commit suicide,simple hurt,dangerous weapon,public servant duty,heart and life safety,hurt by weapon,vlntrly hurt,assault_on_women, sexual harassment,stalking,missing_child_kidnpd,other_kidnp_abduc,kidnp_abdctn_marrg,others,rape,attempt rape,motor vehicle theft,other thefts,day time burglary,night burglary,blackmailing,robbery,fake currency,cheating,forgery,negligent driving,criminal trespass,cruelty,latitude,longitude,Cluster_KMeans,Cluster_DBSCAN,Total_Crime_Weight
1,0,2017,Andhra Pradesh,28,Ananthapuramu,502,Anantapur,113,4,50,503,16,14,63,175,21,393,1610,11,10,7,59,196,50,60,8,17,32,6,43,11,176,279,55,219,27,23,6,137,4,29,198,471,14.6819,77.6006,3,0,5075.282499999999
2,1,2017,Andhra Pradesh,28,Chittoor,503,Chittoor,70,5,36,461,32,8,24,83,6,113,490,31,102,4,31,163,3,0,0,5,3,2,24,9,199,212,21,86,4,6,2,141,8,150,100,212,13.2172,79.1003,2,1,2868.3175
3,2,2017,Andhra Pradesh,28,Y.S.R.,504,Cuddapah,88,10,32,437,18,15,143,286,16,606,949,118,712,2,21,203,98,104,11,0,7,1,41,6,247,273,59,175,96,19,3,206,45,30,198,481,14.4673,78.8242,3,2,5761.2915
4,3,2017,Andhra Pradesh,28,East Godavari,505,East Godavari,69,14,138,503,23,10,18,74,109,112,809,62,6,0,20,223,136,62,0,25,4,5,108,12,347,613,64,308,33,16,4,296,33,380,848,601,17.0167,81.7833,1,3,6114.8
5,4,2017,Andhra Pradesh,28,Ananthapuramu,502,Guntakal Railway,11,0,0,0,4,3,3,7,0,16,0,3,3,0,0,0,2,0,0,0,0,0,0,0,0,667,0,0,6,6,5,0,0,0,0,1,14.6819,77.6006,2,0,818.2825
6,5,2017,Andhra Pradesh,28,Guntur,506,Guntur,100,6,62,533,16,14,64,144,47,112,1432,59,6,19,78,191,78,39,2,11,7,1,90,27,262,397,54,150,21,19,3,366,10,81,10,558,16.3067,80.4365,1,4,5065.7432
7,6,2017,Andhra Pradesh,28,Guntur,506,Guntur Urban,32,9,3,263,0,1,35,45,6,0,532,22,0,0,31,87,29,28,0,51,74,0,38,8,357,437,37,163,59,14,1,398,0,66,93,335,16.3067,80.4365,2,4,3318.7432
8,7,2017,Andhra Pradesh,28,Krishna,510,Krishna,35,8,35,332,3,14,48,61,16,0,1467,63,0,0,36,186,158,42,0,90,16,0,81,18,152,285,41,221,33,10,5,312,0,235,0,620,16.521,80.6305,1,5,4685.1515
9,8,2017,Andhra Pradesh,28,Kurnool,511,Kurnool,93,22,41,527,28,18,68,219,17,178,524,79,501,3,8,246,63,17,0,9,17,10,34,6,175,314,92,202,22,9,6,334,6,45,148,313,15.8281,78.0373,3,6,4394.8654
10,9,2017,Andhra Pradesh,28,Sri Potti Sriramulu Nellore,515,Nellore,67,10,52,423,19,6,38,315,12,417,962,155,1,10,31,150,67,34,0,24,9,14,58,15,304,529,85,291,21,34,1,169,10,59,51,469,14.4426,79.9865,3,7,4939.4291
11,10,2017,Andhra Pradesh,28,Prakasam,517,Prakasham,91,46,33,452,0,6,58,83,33,112,1257,53,5,13,25,268,36,42,0,13,25,11,91,13,189,329,54,218,17,23,3,149,18,149,272,598,15.337,79.9067,3,8,4789.243700000001
12,11,2017,Andhra Pradesh,28,East Godavari,505,Rajahmundry,14,0,25,135,2,1,15,30,19,74,344,10,0,11,6,59,14,15,2,6,3,3,26,4,273,208,31,102,10,11,2,56,6,155,48,163,17.0167,81.7833,2,3,1967.8
13,12,2017,Andhra Pradesh,28,Srikakulam,519,Srikakulam,30,25,25,273,8,7,21,20,10,51,564,27,195,11,32,39,27,13,0,1,10,0,37,0,45,57,28,63,11,3,1,99,3,413,111,224,18.2969,83.8966,2,9,2556.1935
14,13,2017,Andhra Pradesh,28,Tirupati,752,Tirupathi Urban,38,3,42,210,1,7,7,29,5,120,278,14,2,0,7,47,15,14,2,11,4,14,17,4,245,342,44,184,25,9,6,246,30,34,0,86,13.6288,79.4192,2,10,2197.048
15,14,2017,Andhra Pradesh,28,Ntr,749,Vijayawada City,34,0,42,304,15,10,23,43,21,1,583,1,14,15,18,96,76,87,0,16,10,3,79,2,724,1005,65,242,29,50,0,366,64,279,130,460,16.5063,80.648,1,5,4970.1543
16,15,2017,Andhra Pradesh,28,Ntr,749,Vijayawada Railway,8,2,0,0,0,0,2,3,0,2,10,7,0,1,0,2,0,2,0,1,0,0,0,0,2,1123,0,1,2,14,5,1,0,3,0,1,16.5063,80.648,2,5,1281.1543
17,16,2017,Andhra Pradesh,28,Visakhapatnam,520,Visakha Rural,39,7,13,319,0,1,6,52,1,25,332,9,0,3,19,142,6,0,0,16,2,0,35,5,47,83,29,86,2,4,0,76,4,358,109,116,17.6868,83.2185,2,11,2007.9053
18,17,2017,Andhra Pradesh,28,Visakhapatnam,520,Visakhapatnam,40,14,28,305,4,7,16,69,16,72,407,46,111,25,53,198,24,80,61,88,1,2,90,0,586,759,91,285,4,45,2,519,41,421,272,449,17.6868,83.2185,1,11,5291.9053
19,18,2017,Andhra Pradesh,28,Vizianagaram,521,Vizianagaram,28,4,31,408,5,3,8,16,0,44,468,16,660,5,26,55,19,11,0,14,0,1,36,2,87,104,15,97,3,5,1,89,4,335,113,221,18.1067,83.3956,2,12,3007.5022999999997
20,19,2017,Andhra Pradesh,28,West Godavari,523,West Godavari,54,13,70,586,16,7,47,86,21,155,1375,106,28,0,76,132,140,100,0,24,24,29,60,33,352,518,66,362,52,20,1,417,14,667,577,777,16.705,81.0958,3,13,7048.8008
808,807,2018,Andhra Pradesh,28,Ananthapuramu,502,Anantapur,114,2,35,426,22,11,48,144,12,279,1203,71,18,5,65,103,34,55,1,12,20,12,48,11,150,220,38,142,23,1,2,84,36,34,197,241,14.6819,77.6006,3,0,3897.2825000000003
809,808,2018,Andhra Pradesh,28,Chittoor,503,Chittoor,60,6,21,410,0,8,30,58,4,118,580,5,6,6,7,145,12,5,2,9,4,4,31,3,135,233,20,85,8,3,0,144,2,42,104,205,13.2172,79.1003,2,1,2547.3175
810,809,2018,Andhra Pradesh,28,Y.S.R.,504,Cuddapah,65,27,36,387,33,4,30,262,20,141,1082,116,741,6,33,102,5,13,1,14,12,4,31,4,173,254,26,106,4,9,2,229,35,81,101,274,14.4673,78.8242,3,2,4491.2915
811,810,2018,Andhra Pradesh,28,East Godavari,505,East Godavari,62,8,95,439,73,7,31,103,62,178,751,66,0,6,20,291,73,28,0,20,1,16,96,20,288,475,39,189,40,15,5,278,14,389,401,471,17.0167,81.7833,1,3,5086.8
812,811,2018,Andhra Pradesh,28,Ananthapuramu,502,Guntakal Railway,3,1,0,0,2,1,4,2,0,1,5,5,1,0,1,2,0,1,0,0,0,0,1,0,0,648,0,0,1,11,0,5,0,0,1,1,14.6819,77.6006,2,0,786.2825
813,812,2018,Andhra Pradesh,28,Guntur,506,Guntur,82,6,25,568,19,10,44,140,69,133,1488,58,1957,37,49,181,113,54,4,73,8,5,102,19,194,328,48,126,23,19,4,570,0,79,129,748,16.3067,80.4365,1,4,7526.7432
814,813,2018,Andhra Pradesh,28,Guntur,506,Guntur Urban,30,2,36,245,0,10,17,75,20,0,633,0,0,8,7,113,40,50,0,54,2,6,55,5,306,374,33,143,7,20,1,319,34,86,0,567,16.3067,80.4365,2,4,3364.7432
815,814,2018,Andhra Pradesh,28,Krishna,510,Krishna,41,10,17,281,5,7,20,42,5,150,1465,56,0,0,41,130,103,62,0,109,10,20,82,22,150,240,32,128,35,8,3,278,5,228,0,702,16.521,80.6305,1,5,4543.1515
816,815,2018,Andhra Pradesh,28,Kurnool,511,Kurnool,88,25,23,483,21,15,66,141,20,215,1090,90,49,9,13,200,72,28,17,0,4,9,7,7,161,225,53,146,33,20,4,323,7,16,326,178,15.8281,78.0373,3,6,4189.8654
817,816,2018,Andhra Pradesh,28,Sri Potti Sriramulu Nellore,515,Nellore,72,8,47,459,13,4,33,443,21,47,812,104,9,12,37,171,50,55,0,10,6,12,68,21,264,496,67,310,17,41,3,200,6,98,16,418,14.4426,79.9865,3,7,4472.4291
818,817,2018,Andhra Pradesh,28,Prakasam,517,Prakasham,81,105,36,418,32,5,55,127,29,183,1332,109,9,17,53,231,56,77,0,47,36,9,103,35,181,359,45,223,9,20,0,229,63,140,192,542,15.337,79.9067,3,8,5202.243700000001
819,818,2018,Andhra Pradesh,28,East Godavari,505,Rajahmundry,23,11,23,109,2,3,10,24,27,31,275,21,0,6,7,48,5,35,0,26,4,6,25,2,221,187,19,81,9,11,0,90,1,167,33,220,17.0167,81.7833,2,3,1837.8
820,819,2018,Andhra Pradesh,28,Srikakulam,519,Srikakulam,16,17,16,192,19,9,22,26,10,47,600,31,1,13,34,76,11,16,2,13,12,0,41,0,46,70,6,44,3,0,1,68,6,316,117,166,18.2969,83.8966,2,9,2153.1935
821,820,2018,Andhra Pradesh,28,Tirupati,752,Tirupathi Urban,23,5,32,174,4,6,8,29,6,12,200,33,3,0,13,59,16,19,0,2,6,1,22,8,211,222,25,121,13,5,4,238,6,8,176,83,13.6288,79.4192,2,10,1863.048
824,823,2018,Andhra Pradesh,28,Visakhapatnam,520,Visakha Rural,39,6,63,290,0,5,8,46,6,75,363,22,0,7,23,88,33,15,0,20,0,0,39,0,70,59,21,84,5,3,1,78,1,319,156,106,17.6868,83.2185,2,11,2112.9053
825,824,2018,Andhra Pradesh,28,Visakhapatnam,520,Visakhapatnam,35,7,23,276,27,5,10,61,10,110,467,65,67,31,24,224,21,72,52,154,1,5,80,1,433,596,55,197,9,23,0,550,74,490,318,634,17.6868,83.2185,1,11,5272.9053
826,825,2018,Andhra Pradesh,28,Vizianagaram,521,Vizianagaram,29,3,15,244,4,6,9,16,0,16,371,41,541,13,32,52,22,9,0,10,0,0,34,2,73,102,16,81,4,1,2,101,6,176,69,186,18.1067,83.3956,2,12,2358.5022999999997
827,826,2018,Andhra Pradesh,28,West Godavari,523,West Godavari,52,14,41,528,7,14,36,39,19,44,1315,77,0,3,65,25,127,68,0,16,10,24,53,25,307,460,50,301,47,15,5,493,17,486,679,551,16.705,81.0958,3,13,6058.8008
1620,1619,2019,Andhra Pradesh,28,Ananthapuramu,502,Anantapur,105,5,30,511,23,11,51,204,20,363,1311,101,5,6,46,153,45,82,2,20,27,4,83,24,148,274,36,196,22,29,0,238,24,28,229,394,14.6819,77.6006,3,0,4837.282499999999
1621,1620,2019,Andhra Pradesh,28,Chittoor,503,Chittoor,68,11,30,484,24,4,35,57,7,151,795,38,6,4,39,171,16,22,0,1,10,0,32,9,169,232,35,140,20,21,2,170,20,24,117,274,13.2172,79.1003,2,1,3262.3175
1622,1621,2019,Andhra Pradesh,28,Y.S.R.,504,Cuddapah,57,12,25,477,54,7,16,196,14,179,957,66,622,3,23,151,5,39,0,2,4,2,41,10,77,261,39,127,20,9,22,300,21,5,125,337,14.4673,78.8242,0,2,4341.2915
1623,1622,2019,Andhra Pradesh,28,East Godavari,505,East Godavari,56,13,0,613,0,11,30,79,53,971,742,51,0,15,82,220,71,31,1,31,5,2,92,6,312,482,39,183,21,9,0,378,15,314,113,476,17.0167,81.7833,1,3,5559.8
1624,1623,2019,Andhra Pradesh,28,Ananthapuramu,502,Guntakal Railway,2,0,0,0,1,0,2,3,0,4,3,7,3,0,1,1,0,0,0,1,0,1,0,0,1,691,0,0,0,8,0,4,0,0,0,1,14.6819,77.6006,2,0,824.2825
1625,1624,2019,Andhra Pradesh,28,Guntur,506,Guntur,68,4,30,540,8,5,47,137,61,0,1859,64,10,17,50,226,93,83,3,60,12,1,104,26,242,444,43,161,47,19,4,685,18,57,16,869,16.3067,80.4365,1,4,6141.7432
1626,1625,2019,Andhra Pradesh,28,Guntur,506,Guntur Urban,32,1,5,276,6,5,35,110,12,0,561,22,6,3,4,90,44,63,9,18,1,6,52,4,254,387,36,160,19,27,1,332,2,59,118,524,16.3067,80.4365,2,4,3348.7432
1627,1626,2019,Andhra Pradesh,28,Krishna,510,Krishna,50,7,22,294,2,11,41,49,17,99,1401,55,0,0,34,125,96,57,0,133,4,4,87,29,154,273,45,186,0,9,2,372,6,150,244,791,16.521,80.6305,1,5,4896.1515
1628,1627,2019,Andhra Pradesh,28,Kurnool,511,Kurnool,74,14,17,515,13,8,69,180,11,75,1091,95,0,0,10,214,99,47,7,0,12,16,56,6,157,241,51,202,37,16,3,366,50,12,413,199,15.8281,78.0373,3,6,4395.8654
1629,1628,2019,Andhra Pradesh,28,Sri Potti Sriramulu Nellore,515,Nellore,58,6,42,466,15,2,16,139,19,83,1022,47,11,17,30,95,35,52,0,11,7,3,53,11,201,406,41,238,15,25,3,195,9,40,13,447,14.4426,79.9865,3,7,3909.4291
1630,1629,2019,Andhra Pradesh,28,Prakasam,517,Prakasham,48,55,41,531,0,9,42,71,25,36,1315,20,0,13,17,167,5,18,0,28,3,8,31,21,175,374,37,239,12,31,2,332,69,146,246,627,15.337,79.9067,3,8,4841.243700000001
1631,1630,2019,Andhra Pradesh,28,East Godavari,505,Rajahmundry,17,2,19,156,2,2,15,20,20,121,419,38,0,2,12,86,23,26,0,15,0,4,51,4,382,266,36,143,20,25,1,231,9,129,37,238,17.0167,81.7833,2,3,2652.8
1632,1631,2019,Andhra Pradesh,28,Srikakulam,519,Srikakulam,22,17,15,247,7,4,16,39,3,68,647,49,29,10,78,90,18,20,0,13,4,0,51,0,71,81,19,77,3,0,0,204,10,433,388,212,18.2969,83.8966,2,9,3025.1935
1633,1632,2019,Andhra Pradesh,28,Tirupati,752,Tirupathi Urban,26,2,33,179,0,2,5,33,2,0,203,27,0,0,8,45,12,18,0,5,3,0,21,3,222,286,30,180,11,12,1,232,11,132,0,89,13.6288,79.4192,2,10,1900.048
1636,1635,2019,Andhra Pradesh,28,Visakhapatnam,520,Visakha Rural,52,12,37,312,0,6,17,73,17,84,449,38,0,6,22,87,24,22,0,35,0,0,44,1,109,130,56,137,13,8,1,173,5,455,230,141,17.6868,83.2185,2,11,2844.9053
1637,1636,2019,Andhra Pradesh,28,Visakhapatnam,520,Visakhapatnam,20,6,24,275,25,9,14,49,16,113,422,70,100,35,34,175,23,45,58,114,0,6,98,1,256,402,66,134,7,18,3,416,29,435,202,585,17.6868,83.2185,1,11,4365.9053
1638,1637,2019,Andhra Pradesh,28,Vizianagaram,521,Vizianagaram,25,5,12,238,36,4,13,13,3,39,333,24,213,13,36,86,2,10,8,7,0,0,67,0,81,148,18,82,10,3,1,130,15,165,185,274,18.1067,83.3956,2,12,2375.5022999999997
1639,1638,2019,Andhra Pradesh,28,West Godavari,523,West Godavari,63,11,47,469,8,7,28,54,23,126,1095,81,0,4,69,154,115,65,0,27,9,30,65,15,380,534,98,378,47,8,4,601,23,495,675,779,16.705,81.0958,3,13,6621.8008
2450,2449,2020,Andhra Pradesh,28,Ananthapuramu,502,Anantapur,104,5,33,508,12,17,66,211,27,345,1630,144,7,4,17,210,31,115,4,7,17,3,69,32,282,212,39,164,29,15,0,277,1,11,204,437,14.6819,77.6006,3,0,5277.282499999999
2451,2450,2020,Andhra Pradesh,28,Chittoor,503,Chittoor,41,15,38,421,2,14,39,52,14,311,1080,78,3,1,25,66,61,33,0,2,6,20,38,9,170,190,44,110,21,5,0,184,9,120,215,335,13.2172,79.1003,3,1,3823.3175
2452,2451,2020,Andhra Pradesh,28,Y.S.R.,504,Cuddapah,60,2,24,325,75,7,17,101,10,143,754,85,707,7,15,113,41,35,13,3,6,0,30,4,154,425,31,134,11,10,10,117,16,21,53,283,14.4673,78.8242,0,2,3875.2915
2453,2452,2020,Andhra Pradesh,28,East Godavari,505,East Godavari,62,8,90,453,22,7,51,66,44,1128,886,27,0,14,16,316,88,30,2,33,10,13,111,10,304,845,38,314,27,15,3,98,10,266,42,405,17.0167,81.7833,1,3,5890.8
2454,2453,2020,Andhra Pradesh,28,Ananthapuramu,502,Guntakal Railway,2,0,0,0,0,0,3,1,0,2,2,4,0,0,0,0,0,1,0,0,0,1,1,0,1,236,0,0,0,2,0,0,0,0,1,1,14.6819,77.6006,2,0,348.28249999999997
2455,2454,2020,Andhra Pradesh,28,Guntur,506,Guntur,85,5,25,522,10,3,41,109,30,0,1517,39,0,19,43,136,109,73,11,48,10,1,90,12,285,547,35,125,18,13,1,639,0,129,46,614,16.3067,80.4365,1,4,5401.7432
2456,2455,2020,Andhra Pradesh,28,Guntur,506,Guntur Urban,28,3,6,202,6,5,31,70,5,0,418,33,1,4,5,64,57,65,14,15,5,4,52,1,230,319,18,162,13,16,1,408,4,50,99,275,16.3067,80.4365,2,4,2757.7432
2457,2456,2020,Andhra Pradesh,28,Krishna,510,Krishna,37,8,5,264,1,8,25,53,45,201,1345,77,0,0,25,142,104,54,0,116,5,0,79,14,115,242,32,105,28,5,0,413,4,95,406,617,16.521,80.6305,1,5,4730.1515
2458,2457,2020,Andhra Pradesh,28,Kurnool,511,Kurnool,64,13,25,476,9,5,44,170,13,66,1452,105,0,4,9,250,87,56,2,0,9,0,41,8,152,195,47,154,37,3,0,279,0,11,403,222,15.8281,78.0373,3,6,4440.8654
2459,2458,2020,Andhra Pradesh,28,Sri Potti Sriramulu Nellore,515,Nellore,52,5,31,430,24,7,19,91,9,101,1069,100,5,14,34,147,40,59,0,5,5,3,47,15,166,264,58,195,7,15,0,349,4,160,32,433,14.4426,79.9865,3,7,4037.4291
2460,2459,2020,Andhra Pradesh,28,Prakasam,517,Prakasham,74,24,34,542,0,10,40,61,25,93,1481,97,0,16,24,195,18,59,0,23,1,4,31,12,193,204,26,170,25,19,1,260,6,106,341,463,15.337,79.9067,3,8,4699.243700000001
2461,2460,2020,Andhra Pradesh,28,East Godavari,505,Rajahmundry,22,3,15,111,3,2,15,33,22,58,351,30,0,3,4,88,31,42,10,12,7,4,56,1,288,228,25,186,34,37,3,264,8,115,108,225,17.0167,81.7833,2,3,2520.8
2462,2461,2020,Andhra Pradesh,28,Srikakulam,519,Srikakulam,23,13,14,252,8,3,22,27,4,55,873,78,20,13,74,71,22,27,0,8,6,1,61,0,61,46,16,94,3,0,3,107,1,388,503,153,18.2969,83.8966,2,9,3129.1935
2463,2462,2020,Andhra Pradesh,28,Tirupati,752,Tirupathi Urban,22,2,29,124,0,0,4,34,4,0,230,33,0,0,10,34,16,11,1,7,2,1,12,1,225,145,33,122,4,9,0,128,12,58,0,129,13.6288,79.4192,2,10,1513.048
2466,2465,2020,Andhra Pradesh,28,Visakhapatnam,520,Visakha Rural,31,5,26,277,0,4,14,62,9,76,496,64,0,4,28,151,0,22,0,17,0,0,41,3,72,88,12,82,6,3,0,137,1,418,215,134,17.6868,83.2185,2,11,2567.9053
2467,2466,2020,Andhra Pradesh,28,Visakhapatnam,520,Visakhapatnam,31,6,17,232,4,5,14,55,23,82,434,41,165,17,27,150,38,83,19,37,0,9,124,2,214,279,18,163,8,26,0,307,10,410,161,423,17.6868,83.2185,1,11,3703.9053
2468,2467,2020,Andhra Pradesh,28,Vizianagaram,521,Vizianagaram,34,9,22,189,34,1,7,19,3,49,441,24,235,8,32,117,20,22,2,22,2,0,73,3,47,155,5,88,6,5,1,73,7,143,123,231,18.1067,83.3956,2,12,2319.5022999999997
2469,2468,2020,Andhra Pradesh,28,West Godavari,523,West Godavari,54,5,38,356,5,6,24,44,26,117,922,91,0,4,47,227,103,90,0,21,11,23,76,12,239,438,43,299,39,7,2,456,3,402,424,644,16.705,81.0958,1,13,5341.8008
3304,3303,2021,Andhra Pradesh,28,Ananthapuramu,502,Anantapur,107,7,43,536,16,9,49,201,26,275,1705,137,13,5,14,139,45,108,2,12,14,8,104,38,300,304,114,234,19,12,1,592,4,80,240,375,14.6819,77.6006,3,0,5873.282499999999
3305,3304,2021,Andhra Pradesh,28,Chittoor,503,Chittoor,68,11,20,464,4,18,31,55,4,241,1044,108,0,0,23,51,14,32,0,0,9,17,13,9,267,289,31,161,10,6,1,123,19,12,76,321,13.2172,79.1003,3,1,3576.3175
3306,3305,2021,Andhra Pradesh,28,Y.S.R.,504,Cuddapah,64,10,40,436,0,3,22,120,2,137,564,4,323,0,2,158,18,13,2,7,5,3,28,5,142,385,35,122,4,10,0,184,43,12,120,330,14.4673,78.8242,2,2,3382.2915
3307,3306,2021,Andhra Pradesh,28,East Godavari,505,East Godavari,64,10,232,396,112,11,40,71,78,70,1333,52,0,22,24,225,129,60,2,66,9,0,118,13,463,582,52,186,46,17,0,327,8,331,335,442,17.0167,81.7833,1,3,5960.8
3308,3307,2021,Andhra Pradesh,28,Ananthapuramu,502,Guntakal Railway,2,1,0,0,1,1,5,0,0,3,5,3,1,0,1,2,0,0,0,0,0,0,0,0,3,296,0,0,0,5,0,1,0,0,1,2,14.6819,77.6006,2,0,423.28249999999997
3309,3308,2021,Andhra Pradesh,28,Guntur,506,Guntur,65,2,34,581,6,3,61,143,24,95,1777,42,0,19,69,189,70,88,7,46,11,1,64,23,370,335,41,163,16,11,2,690,1,44,37,614,16.3067,80.4365,1,4,5775.7432
3310,3309,2021,Andhra Pradesh,28,Guntur,506,Guntur Urban,38,2,49,250,8,7,27,86,15,49,580,40,10,2,2,50,78,76,23,20,3,1,59,9,407,309,20,149,28,21,1,609,1,18,127,257,16.3067,80.4365,1,4,3489.7432
3311,3310,2021,Andhra Pradesh,28,Krishna,510,Krishna,44,7,31,322,3,7,39,67,37,153,1414,78,0,7,16,205,50,77,0,60,7,2,66,10,234,344,22,100,11,8,2,374,2,176,227,372,16.521,80.6305,1,5,4627.1515
3312,3311,2021,Andhra Pradesh,28,Kurnool,511,Kurnool,89,9,6,624,10,7,62,161,10,119,1501,105,7,14,24,163,112,91,0,0,62,22,65,7,233,259,112,210,33,23,3,635,0,10,368,334,15.8281,78.0373,3,6,5494.8654
3313,3312,2021,Andhra Pradesh,28,Sri Potti Sriramulu Nellore,515,Nellore,76,6,51,475,21,3,33,133,4,136,1216,62,5,6,53,163,34,62,0,23,3,3,65,11,161,312,37,255,1,13,0,239,5,150,8,361,14.4426,79.9865,3,7,4204.4291
3314,3313,2021,Andhra Pradesh,28,Prakasam,517,Prakasham,65,12,21,577,7,6,26,68,25,187,1905,9,0,10,61,196,53,66,0,22,3,6,35,15,268,337,41,224,18,16,1,386,54,100,344,394,15.337,79.9067,3,8,5588.243700000001
3315,3314,2021,Andhra Pradesh,28,East Godavari,505,Rajahmundry,27,2,12,110,3,4,16,42,17,79,369,28,33,6,7,54,23,39,4,16,6,2,59,2,458,204,18,141,35,29,1,201,2,114,141,261,17.0167,81.7833,2,3,2636.8
3316,3315,2021,Andhra Pradesh,28,Srikakulam,519,Srikakulam,24,10,15,264,10,6,20,29,4,55,807,56,22,7,63,72,37,28,0,7,2,0,58,1,51,118,21,77,4,3,0,63,1,379,613,211,18.2969,83.8966,2,9,3216.1935
3317,3316,2021,Andhra Pradesh,28,Tirupati,752,Tirupathi Urban,20,2,25,168,0,4,11,62,5,0,275,32,14,0,17,44,20,21,0,8,5,1,26,0,332,210,19,164,9,10,0,145,69,57,0,140,13.6288,79.4192,2,10,1988.048
3320,3319,2021,Andhra Pradesh,28,Visakhapatnam,520,Visakha Rural,36,7,29,366,0,3,13,63,7,42,527,37,6,6,47,77,36,24,0,26,0,0,59,1,158,73,17,87,14,3,0,128,13,347,262,174,17.6868,83.2185,2,11,2752.9053
3321,3320,2021,Andhra Pradesh,28,Visakhapatnam,520,Visakhapatnam,41,2,21,317,26,4,11,78,20,107,627,60,0,21,22,283,51,99,14,21,1,3,169,0,291,323,28,162,10,14,3,284,10,818,145,1105,17.6868,83.2185,1,11,5250.9053
3322,3321,2021,Andhra Pradesh,28,Vizianagaram,521,Vizianagaram,27,4,35,229,37,2,8,46,1,61,425,35,189,6,35,145,49,30,12,67,0,0,78,2,89,238,16,110,7,11,1,91,3,185,218,219,18.1067,83.3956,2,12,2785.5022999999997
3323,3322,2021,Andhra Pradesh,28,West Godavari,523,West Godavari,54,8,47,465,14,8,21,61,17,174,1260,65,10,24,49,29,107,121,0,13,7,0,37,14,685,397,52,352,33,12,1,660,4,430,470,407,16.705,81.0958,1,13,6151.8008
4164,4163,2022,Andhra Pradesh,28,Chittoor,503,Chittoor,30,6,17,320,19,2,22,80,1,290,774,50,0,26,16,146,12,20,1,9,1,0,12,4,186,188,31,93,15,7,1,155,4,54,156,357,13.2172,79.1003,2,1,3167.3175
4165,4164,2022,Andhra Pradesh,28,East Godavari,505,East Godavari,25,3,32,296,6,0,20,61,56,195,711,43,1064,8,21,35,63,71,0,29,13,3,27,0,415,284,29,195,55,31,1,210,18,186,142,672,17.0167,81.7833,1,3,5093.8
4166,4165,2022,Andhra Pradesh,28,Ananthapuramu,502,Guntakal Railway,1,1,0,0,0,0,3,0,0,4,4,7,0,0,0,0,0,0,0,0,0,0,0,0,0,581,0,0,1,5,0,5,0,0,2,1,14.6819,77.6006,2,0,706.2825
4167,4166,2022,Andhra Pradesh,28,Guntur,506,Guntur,37,7,15,378,5,6,41,94,28,78,1106,46,0,7,18,163,94,105,10,27,4,3,29,8,486,631,42,192,47,31,0,719,48,61,121,1054,16.3067,80.4365,1,4,5800.7432
4168,4167,2022,Andhra Pradesh,28,Krishna,510,Krishna,29,1,25,254,4,12,28,47,13,150,1151,56,0,16,23,134,78,79,0,100,10,0,28,13,198,259,22,91,12,3,1,177,9,235,45,766,16.521,80.6305,1,5,4137.1515
4169,4168,2022,Andhra Pradesh,28,Kurnool,511,Kurnool,41,6,0,321,2,4,12,85,2,34,592,40,3,5,20,79,45,41,0,18,22,8,9,8,152,156,51,131,16,13,1,454,0,28,258,347,15.8281,78.0373,2,6,3056.8654
4170,4169,2022,Andhra Pradesh,28,Prakasam,517,Prakasam,49,5,11,357,10,0,23,47,1,0,1211,0,0,13,28,166,51,35,0,8,4,5,24,11,264,274,34,147,0,5,0,277,38,52,352,539,15.337,79.9067,2,8,4087.2437
4171,4170,2022,Andhra Pradesh,28,Srikakulam,519,Srikakulam,23,3,23,236,10,2,13,42,1,63,838,30,191,8,42,131,25,13,0,5,12,0,26,2,51,103,10,84,4,2,0,99,1,358,413,362,18.2969,83.8966,2,9,3305.1935
4173,4172,2022,Andhra Pradesh,28,Visakhapatnam,520,Visakhapatnam,38,12,12,302,25,6,21,64,14,79,486,38,0,29,21,173,23,103,2,24,1,10,69,0,315,345,31,172,15,26,1,216,8,697,124,714,17.6868,83.2185,1,11,4278.9053
4174,4173,2022,Andhra Pradesh,28,Vizianagaram,521,Vizianagaram,22,5,24,194,3,3,11,22,0,73,502,21,0,8,15,115,21,8,0,70,0,0,30,9,120,180,33,106,11,7,1,74,4,170,176,319,18.1067,83.3956,2,12,2436.5022999999997
4175,4174,2022,Andhra Pradesh,28,West Godavari,523,West Godavari,14,2,12,148,28,8,22,45,5,200,720,31,69,19,36,147,62,35,0,12,2,4,39,4,322,234,14,144,13,9,1,213,11,213,136,459,16.705,81.0958,2,13,3516.8008
4176,4175,2022,Andhra Pradesh,28,Y.S.R.,504,Ysr,50,6,16,313,46,7,19,102,6,172,709,54,448,2,31,108,20,43,0,5,5,4,14,9,95,144,20,133,9,3,1,210,7,9,71,346,14.4673,78.8242,2,2,3280.2915
5025,5024,2022,Andhra Pradesh,28,Ananthapuramu,502,Anantapuramu,51,4,35,264,11,2,33,83,6,193,851,50,3,1,20,89,0,41,0,6,7,1,12,12,181,224,50,114,11,7,1,179,0,59,111,343,14.6819,77.6006,2,0,3096.2825000000003
5028,5027,2022,Andhra Pradesh,28,Sri Potti Sriramulu Nellore,515,Sri Potti Sriramulu Nellore,54,8,22,333,16,2,30,173,7,137,1047,60,3,12,27,165,35,60,3,7,3,11,17,17,44,618,46,249,24,13,1,357,13,127,90,582,14.4426,79.9865,3,7,4453.4291
5029,5028,2022,Andhra Pradesh,28,Tirupati,752,Tirupati,60,3,18,418,3,3,11,74,6,74,530,53,4,0,45,135,32,37,0,17,5,0,17,9,385,377,35,220,11,19,0,206,0,134,0,394,13.6288,79.4192,2,10,3368.048
